year,global_temperature,sea_level_rise,polar_ice_melt,forest_cover,co2_emissions,climate_impact
2000,0.72,0.15660000000000016,0.5,30.5,28.7,0.2
2005,0.85,0.16650000000000006,0.6,30.3,30.2,0.25
2010,0.93,0.1795999999999999,0.7,30.0,32.1,0.28
2015,1.01,0.1880508837813992,0.8,29.7,33.9,0.33
2020,1.05,0.18682438257675346,0.9,29.5,35.0,0.35
